--------------------------------------------------------
-- Archivo creado  - lunes-mayo-22-2023   
--------------------------------------------------------
--------------------------------------------------------
--  DDL for Table AUTH_GROUP
--------------------------------------------------------

  CREATE TABLE "SALONSELECTO"."AUTH_GROUP" 
   (	"ID" NUMBER(11,0) GENERATED BY DEFAULT ON NULL AS IDENTITY MINVALUE 1 MAXVALUE 9999999999999999999999999999 INCREMENT BY 1 START WITH 1 CACHE 20 NOORDER  NOCYCLE  NOKEEP  NOSCALE , 
	"NAME" NVARCHAR2(150)
   ) SEGMENT CREATION DEFERRED 
  PCTFREE 10 PCTUSED 40 INITRANS 1 MAXTRANS 255 
 NOCOMPRESS LOGGING
  TABLESPACE "USERS" ;
--------------------------------------------------------
--  DDL for Table AUTH_GROUP_PERMISSIONS
--------------------------------------------------------

  CREATE TABLE "SALONSELECTO"."AUTH_GROUP_PERMISSIONS" 
   (	"ID" NUMBER(19,0) GENERATED BY DEFAULT ON NULL AS IDENTITY MINVALUE 1 MAXVALUE 9999999999999999999999999999 INCREMENT BY 1 START WITH 1 CACHE 20 NOORDER  NOCYCLE  NOKEEP  NOSCALE , 
	"GROUP_ID" NUMBER(11,0), 
	"PERMISSION_ID" NUMBER(11,0)
   ) SEGMENT CREATION DEFERRED 
  PCTFREE 10 PCTUSED 40 INITRANS 1 MAXTRANS 255 
 NOCOMPRESS LOGGING
  TABLESPACE "USERS" ;
--------------------------------------------------------
--  DDL for Table AUTH_PERMISSION
--------------------------------------------------------

  CREATE TABLE "SALONSELECTO"."AUTH_PERMISSION" 
   (	"ID" NUMBER(11,0) GENERATED BY DEFAULT ON NULL AS IDENTITY MINVALUE 1 MAXVALUE 9999999999999999999999999999 INCREMENT BY 1 START WITH 1 CACHE 20 NOORDER  NOCYCLE  NOKEEP  NOSCALE , 
	"NAME" NVARCHAR2(255), 
	"CONTENT_TYPE_ID" NUMBER(11,0), 
	"CODENAME" NVARCHAR2(100)
   ) SEGMENT CREATION IMMEDIATE 
  PCTFREE 10 PCTUSED 40 INITRANS 1 MAXTRANS 255 
 NOCOMPRESS LOGGING
  STORAGE(INITIAL 65536 NEXT 1048576 MINEXTENTS 1 MAXEXTENTS 2147483645
  PCTINCREASE 0 FREELISTS 1 FREELIST GROUPS 1
  BUFFER_POOL DEFAULT FLASH_CACHE DEFAULT CELL_FLASH_CACHE DEFAULT)
  TABLESPACE "USERS" ;
--------------------------------------------------------
--  DDL for Table AUTH_USER
--------------------------------------------------------

  CREATE TABLE "SALONSELECTO"."AUTH_USER" 
   (	"ID" NUMBER(11,0) GENERATED BY DEFAULT ON NULL AS IDENTITY MINVALUE 1 MAXVALUE 9999999999999999999999999999 INCREMENT BY 1 START WITH 1 CACHE 20 NOORDER  NOCYCLE  NOKEEP  NOSCALE , 
	"PASSWORD" NVARCHAR2(128), 
	"LAST_LOGIN" TIMESTAMP (6), 
	"IS_SUPERUSER" NUMBER(1,0), 
	"USERNAME" NVARCHAR2(150), 
	"FIRST_NAME" NVARCHAR2(150), 
	"LAST_NAME" NVARCHAR2(150), 
	"EMAIL" NVARCHAR2(254), 
	"IS_STAFF" NUMBER(1,0), 
	"IS_ACTIVE" NUMBER(1,0), 
	"DATE_JOINED" TIMESTAMP (6)
   ) SEGMENT CREATION IMMEDIATE 
  PCTFREE 10 PCTUSED 40 INITRANS 1 MAXTRANS 255 
 NOCOMPRESS LOGGING
  STORAGE(INITIAL 65536 NEXT 1048576 MINEXTENTS 1 MAXEXTENTS 2147483645
  PCTINCREASE 0 FREELISTS 1 FREELIST GROUPS 1
  BUFFER_POOL DEFAULT FLASH_CACHE DEFAULT CELL_FLASH_CACHE DEFAULT)
  TABLESPACE "USERS" ;
--------------------------------------------------------
--  DDL for Table AUTH_USER_GROUPS
--------------------------------------------------------

  CREATE TABLE "SALONSELECTO"."AUTH_USER_GROUPS" 
   (	"ID" NUMBER(19,0) GENERATED BY DEFAULT ON NULL AS IDENTITY MINVALUE 1 MAXVALUE 9999999999999999999999999999 INCREMENT BY 1 START WITH 1 CACHE 20 NOORDER  NOCYCLE  NOKEEP  NOSCALE , 
	"USER_ID" NUMBER(11,0), 
	"GROUP_ID" NUMBER(11,0)
   ) SEGMENT CREATION DEFERRED 
  PCTFREE 10 PCTUSED 40 INITRANS 1 MAXTRANS 255 
 NOCOMPRESS LOGGING
  TABLESPACE "USERS" ;
--------------------------------------------------------
--  DDL for Table AUTH_USER_USER_PERMISSIONS
--------------------------------------------------------

  CREATE TABLE "SALONSELECTO"."AUTH_USER_USER_PERMISSIONS" 
   (	"ID" NUMBER(19,0) GENERATED BY DEFAULT ON NULL AS IDENTITY MINVALUE 1 MAXVALUE 9999999999999999999999999999 INCREMENT BY 1 START WITH 1 CACHE 20 NOORDER  NOCYCLE  NOKEEP  NOSCALE , 
	"USER_ID" NUMBER(11,0), 
	"PERMISSION_ID" NUMBER(11,0)
   ) SEGMENT CREATION DEFERRED 
  PCTFREE 10 PCTUSED 40 INITRANS 1 MAXTRANS 255 
 NOCOMPRESS LOGGING
  TABLESPACE "USERS" ;
--------------------------------------------------------
--  DDL for Table DJANGO_ADMIN_LOG
--------------------------------------------------------

  CREATE TABLE "SALONSELECTO"."DJANGO_ADMIN_LOG" 
   (	"ID" NUMBER(11,0) GENERATED BY DEFAULT ON NULL AS IDENTITY MINVALUE 1 MAXVALUE 9999999999999999999999999999 INCREMENT BY 1 START WITH 1 CACHE 20 NOORDER  NOCYCLE  NOKEEP  NOSCALE , 
	"ACTION_TIME" TIMESTAMP (6), 
	"OBJECT_ID" NCLOB, 
	"OBJECT_REPR" NVARCHAR2(200), 
	"ACTION_FLAG" NUMBER(11,0), 
	"CHANGE_MESSAGE" NCLOB, 
	"CONTENT_TYPE_ID" NUMBER(11,0), 
	"USER_ID" NUMBER(11,0)
   ) SEGMENT CREATION IMMEDIATE 
  PCTFREE 10 PCTUSED 40 INITRANS 1 MAXTRANS 255 
 NOCOMPRESS LOGGING
  STORAGE(INITIAL 65536 NEXT 1048576 MINEXTENTS 1 MAXEXTENTS 2147483645
  PCTINCREASE 0 FREELISTS 1 FREELIST GROUPS 1
  BUFFER_POOL DEFAULT FLASH_CACHE DEFAULT CELL_FLASH_CACHE DEFAULT)
  TABLESPACE "USERS" 
 LOB ("OBJECT_ID") STORE AS SECUREFILE (
  TABLESPACE "USERS" ENABLE STORAGE IN ROW CHUNK 8192
  NOCACHE LOGGING  NOCOMPRESS  KEEP_DUPLICATES 
  STORAGE(INITIAL 106496 NEXT 1048576 MINEXTENTS 1 MAXEXTENTS 2147483645
  PCTINCREASE 0
  BUFFER_POOL DEFAULT FLASH_CACHE DEFAULT CELL_FLASH_CACHE DEFAULT)) 
 LOB ("CHANGE_MESSAGE") STORE AS SECUREFILE (
  TABLESPACE "USERS" ENABLE STORAGE IN ROW CHUNK 8192
  NOCACHE LOGGING  NOCOMPRESS  KEEP_DUPLICATES 
  STORAGE(INITIAL 106496 NEXT 1048576 MINEXTENTS 1 MAXEXTENTS 2147483645
  PCTINCREASE 0
  BUFFER_POOL DEFAULT FLASH_CACHE DEFAULT CELL_FLASH_CACHE DEFAULT)) ;
--------------------------------------------------------
--  DDL for Table DJANGO_CONTENT_TYPE
--------------------------------------------------------

  CREATE TABLE "SALONSELECTO"."DJANGO_CONTENT_TYPE" 
   (	"ID" NUMBER(11,0) GENERATED BY DEFAULT ON NULL AS IDENTITY MINVALUE 1 MAXVALUE 9999999999999999999999999999 INCREMENT BY 1 START WITH 1 CACHE 20 NOORDER  NOCYCLE  NOKEEP  NOSCALE , 
	"APP_LABEL" NVARCHAR2(100), 
	"MODEL" NVARCHAR2(100)
   ) SEGMENT CREATION IMMEDIATE 
  PCTFREE 10 PCTUSED 40 INITRANS 1 MAXTRANS 255 
 NOCOMPRESS LOGGING
  STORAGE(INITIAL 65536 NEXT 1048576 MINEXTENTS 1 MAXEXTENTS 2147483645
  PCTINCREASE 0 FREELISTS 1 FREELIST GROUPS 1
  BUFFER_POOL DEFAULT FLASH_CACHE DEFAULT CELL_FLASH_CACHE DEFAULT)
  TABLESPACE "USERS" ;
--------------------------------------------------------
--  DDL for Table DJANGO_MIGRATIONS
--------------------------------------------------------

  CREATE TABLE "SALONSELECTO"."DJANGO_MIGRATIONS" 
   (	"ID" NUMBER(19,0) GENERATED BY DEFAULT ON NULL AS IDENTITY MINVALUE 1 MAXVALUE 9999999999999999999999999999 INCREMENT BY 1 START WITH 1 CACHE 20 NOORDER  NOCYCLE  NOKEEP  NOSCALE , 
	"APP" NVARCHAR2(255), 
	"NAME" NVARCHAR2(255), 
	"APPLIED" TIMESTAMP (6)
   ) SEGMENT CREATION IMMEDIATE 
  PCTFREE 10 PCTUSED 40 INITRANS 1 MAXTRANS 255 
 NOCOMPRESS LOGGING
  STORAGE(INITIAL 65536 NEXT 1048576 MINEXTENTS 1 MAXEXTENTS 2147483645
  PCTINCREASE 0 FREELISTS 1 FREELIST GROUPS 1
  BUFFER_POOL DEFAULT FLASH_CACHE DEFAULT CELL_FLASH_CACHE DEFAULT)
  TABLESPACE "USERS" ;
--------------------------------------------------------
--  DDL for Table DJANGO_SESSION
--------------------------------------------------------

  CREATE TABLE "SALONSELECTO"."DJANGO_SESSION" 
   (	"SESSION_KEY" NVARCHAR2(40), 
	"SESSION_DATA" NCLOB, 
	"EXPIRE_DATE" TIMESTAMP (6)
   ) SEGMENT CREATION IMMEDIATE 
  PCTFREE 10 PCTUSED 40 INITRANS 1 MAXTRANS 255 
 NOCOMPRESS LOGGING
  STORAGE(INITIAL 65536 NEXT 1048576 MINEXTENTS 1 MAXEXTENTS 2147483645
  PCTINCREASE 0 FREELISTS 1 FREELIST GROUPS 1
  BUFFER_POOL DEFAULT FLASH_CACHE DEFAULT CELL_FLASH_CACHE DEFAULT)
  TABLESPACE "USERS" 
 LOB ("SESSION_DATA") STORE AS SECUREFILE (
  TABLESPACE "USERS" ENABLE STORAGE IN ROW CHUNK 8192
  NOCACHE LOGGING  NOCOMPRESS  KEEP_DUPLICATES 
  STORAGE(INITIAL 106496 NEXT 1048576 MINEXTENTS 1 MAXEXTENTS 2147483645
  PCTINCREASE 0
  BUFFER_POOL DEFAULT FLASH_CACHE DEFAULT CELL_FLASH_CACHE DEFAULT)) ;
--------------------------------------------------------
--  DDL for Table MENU_CATEGORIA
--------------------------------------------------------

  CREATE TABLE "SALONSELECTO"."MENU_CATEGORIA" 
   (	"ID_CATEGORIA" NUMBER(11,0), 
	"NOMBRE" NVARCHAR2(50)
   ) SEGMENT CREATION IMMEDIATE 
  PCTFREE 10 PCTUSED 40 INITRANS 1 MAXTRANS 255 
 NOCOMPRESS LOGGING
  STORAGE(INITIAL 65536 NEXT 1048576 MINEXTENTS 1 MAXEXTENTS 2147483645
  PCTINCREASE 0 FREELISTS 1 FREELIST GROUPS 1
  BUFFER_POOL DEFAULT FLASH_CACHE DEFAULT CELL_FLASH_CACHE DEFAULT)
  TABLESPACE "USERS" ;
--------------------------------------------------------
--  DDL for Table MENU_COMIDA
--------------------------------------------------------

  CREATE TABLE "SALONSELECTO"."MENU_COMIDA" 
   (	"ID_COMIDA" NUMBER(11,0), 
	"NOMBRE" NVARCHAR2(50), 
	"DESCRIPCION" NCLOB, 
	"FOTO" NVARCHAR2(100), 
	"ID_CATEGORIA_ID" NUMBER(11,0)
   ) SEGMENT CREATION IMMEDIATE 
  PCTFREE 10 PCTUSED 40 INITRANS 1 MAXTRANS 255 
 NOCOMPRESS LOGGING
  STORAGE(INITIAL 65536 NEXT 1048576 MINEXTENTS 1 MAXEXTENTS 2147483645
  PCTINCREASE 0 FREELISTS 1 FREELIST GROUPS 1
  BUFFER_POOL DEFAULT FLASH_CACHE DEFAULT CELL_FLASH_CACHE DEFAULT)
  TABLESPACE "USERS" 
 LOB ("DESCRIPCION") STORE AS SECUREFILE (
  TABLESPACE "USERS" ENABLE STORAGE IN ROW CHUNK 8192
  NOCACHE LOGGING  NOCOMPRESS  KEEP_DUPLICATES 
  STORAGE(INITIAL 106496 NEXT 1048576 MINEXTENTS 1 MAXEXTENTS 2147483645
  PCTINCREASE 0
  BUFFER_POOL DEFAULT FLASH_CACHE DEFAULT CELL_FLASH_CACHE DEFAULT)) ;
--------------------------------------------------------
--  DDL for Table MENU_COMUNA
--------------------------------------------------------

  CREATE TABLE "SALONSELECTO"."MENU_COMUNA" 
   (	"ID_COMUNA" NUMBER(11,0), 
	"NOMBRE" NVARCHAR2(50), 
	"ID_REGION_ID" NUMBER(11,0)
   ) SEGMENT CREATION DEFERRED 
  PCTFREE 10 PCTUSED 40 INITRANS 1 MAXTRANS 255 
 NOCOMPRESS LOGGING
  TABLESPACE "USERS" ;
--------------------------------------------------------
--  DDL for Table MENU_DETALLE
--------------------------------------------------------

  CREATE TABLE "SALONSELECTO"."MENU_DETALLE" 
   (	"ID_DETALLE" NUMBER(11,0), 
	"CANTIDAD" NUMBER(11,0), 
	"SUBTOTAL" NUMBER(10,2), 
	"ID_COMIDA_ID" NUMBER(11,0), 
	"ID_PEDIDO_ID" NUMBER(11,0)
   ) SEGMENT CREATION DEFERRED 
  PCTFREE 10 PCTUSED 40 INITRANS 1 MAXTRANS 255 
 NOCOMPRESS LOGGING
  TABLESPACE "USERS" ;
--------------------------------------------------------
--  DDL for Table MENU_DIRECCION
--------------------------------------------------------

  CREATE TABLE "SALONSELECTO"."MENU_DIRECCION" 
   (	"ID_DIRECCION" NUMBER(11,0), 
	"CALLE" NVARCHAR2(100), 
	"NUMERO" NVARCHAR2(20), 
	"CODIGO_POSTAL" NVARCHAR2(20), 
	"ID_COMUNA_ID" NUMBER(11,0)
   ) SEGMENT CREATION DEFERRED 
  PCTFREE 10 PCTUSED 40 INITRANS 1 MAXTRANS 255 
 NOCOMPRESS LOGGING
  TABLESPACE "USERS" ;
--------------------------------------------------------
--  DDL for Table MENU_PEDIDO
--------------------------------------------------------

  CREATE TABLE "SALONSELECTO"."MENU_PEDIDO" 
   (	"ID_PEDIDO" NUMBER(11,0), 
	"F_PEDIDO" DATE, 
	"TOTAL" NUMBER(10,2), 
	"COSTO_ENVIO" NUMBER(10,2), 
	"STATUS" NVARCHAR2(50), 
	"CARRITO" NCLOB, 
	"ID_DIRECCION_ID" NUMBER(11,0), 
	"ID_USUARIO_ID" NUMBER(11,0)
   ) SEGMENT CREATION DEFERRED 
  PCTFREE 10 PCTUSED 40 INITRANS 1 MAXTRANS 255 
 NOCOMPRESS LOGGING
  TABLESPACE "USERS" 
 LOB ("CARRITO") STORE AS SECUREFILE (
  TABLESPACE "USERS" ENABLE STORAGE IN ROW CHUNK 8192
  NOCACHE LOGGING  NOCOMPRESS  KEEP_DUPLICATES ) ;
--------------------------------------------------------
--  DDL for Table MENU_PREGUNTA
--------------------------------------------------------

  CREATE TABLE "SALONSELECTO"."MENU_PREGUNTA" 
   (	"ID_PREGUNTA" NUMBER(11,0), 
	"NOMBRE" NVARCHAR2(100)
   ) SEGMENT CREATION DEFERRED 
  PCTFREE 10 PCTUSED 40 INITRANS 1 MAXTRANS 255 
 NOCOMPRESS LOGGING
  TABLESPACE "USERS" ;
--------------------------------------------------------
--  DDL for Table MENU_REGION
--------------------------------------------------------

  CREATE TABLE "SALONSELECTO"."MENU_REGION" 
   (	"ID_REGION" NUMBER(11,0), 
	"NOMBRE" NVARCHAR2(50)
   ) SEGMENT CREATION DEFERRED 
  PCTFREE 10 PCTUSED 40 INITRANS 1 MAXTRANS 255 
 NOCOMPRESS LOGGING
  TABLESPACE "USERS" ;
--------------------------------------------------------
--  DDL for Table MENU_ROL
--------------------------------------------------------

  CREATE TABLE "SALONSELECTO"."MENU_ROL" 
   (	"ID_ROL" NUMBER(11,0), 
	"NOMBRE" NVARCHAR2(50)
   ) SEGMENT CREATION DEFERRED 
  PCTFREE 10 PCTUSED 40 INITRANS 1 MAXTRANS 255 
 NOCOMPRESS LOGGING
  TABLESPACE "USERS" ;
--------------------------------------------------------
--  DDL for Table MENU_USUARIO
--------------------------------------------------------

  CREATE TABLE "SALONSELECTO"."MENU_USUARIO" 
   (	"ID_USUARIO" NUMBER(11,0), 
	"RUT" NVARCHAR2(20), 
	"NOMBRE" NVARCHAR2(50), 
	"APELLIDO" NVARCHAR2(50), 
	"FECHA_NACIMIENTO" DATE, 
	"CORREO" NVARCHAR2(254), 
	"TELEFONO" NVARCHAR2(20), 
	"CLAVE" NVARCHAR2(100), 
	"RESPUESTA" NVARCHAR2(100), 
	"ID_DIRECCION_ID" NUMBER(11,0), 
	"ID_PREGUNTA_ID" NUMBER(11,0), 
	"ID_ROL_ID" NUMBER(11,0)
   ) SEGMENT CREATION DEFERRED 
  PCTFREE 10 PCTUSED 40 INITRANS 1 MAXTRANS 255 
 NOCOMPRESS LOGGING
  TABLESPACE "USERS" ;
REM INSERTING into SALONSELECTO.AUTH_GROUP
SET DEFINE OFF;
REM INSERTING into SALONSELECTO.AUTH_GROUP_PERMISSIONS
SET DEFINE OFF;
REM INSERTING into SALONSELECTO.AUTH_PERMISSION
SET DEFINE OFF;
Insert into SALONSELECTO.AUTH_PERMISSION (ID,NAME,CONTENT_TYPE_ID,CODENAME) values ('1','Can add log entry','1','add_logentry');
Insert into SALONSELECTO.AUTH_PERMISSION (ID,NAME,CONTENT_TYPE_ID,CODENAME) values ('2','Can change log entry','1','change_logentry');
Insert into SALONSELECTO.AUTH_PERMISSION (ID,NAME,CONTENT_TYPE_ID,CODENAME) values ('3','Can delete log entry','1','delete_logentry');
Insert into SALONSELECTO.AUTH_PERMISSION (ID,NAME,CONTENT_TYPE_ID,CODENAME) values ('4','Can view log entry','1','view_logentry');
Insert into SALONSELECTO.AUTH_PERMISSION (ID,NAME,CONTENT_TYPE_ID,CODENAME) values ('5','Can add permission','2','add_permission');
Insert into SALONSELECTO.AUTH_PERMISSION (ID,NAME,CONTENT_TYPE_ID,CODENAME) values ('6','Can change permission','2','change_permission');
Insert into SALONSELECTO.AUTH_PERMISSION (ID,NAME,CONTENT_TYPE_ID,CODENAME) values ('7','Can delete permission','2','delete_permission');
Insert into SALONSELECTO.AUTH_PERMISSION (ID,NAME,CONTENT_TYPE_ID,CODENAME) values ('8','Can view permission','2','view_permission');
Insert into SALONSELECTO.AUTH_PERMISSION (ID,NAME,CONTENT_TYPE_ID,CODENAME) values ('9','Can add group','3','add_group');
Insert into SALONSELECTO.AUTH_PERMISSION (ID,NAME,CONTENT_TYPE_ID,CODENAME) values ('10','Can change group','3','change_group');
Insert into SALONSELECTO.AUTH_PERMISSION (ID,NAME,CONTENT_TYPE_ID,CODENAME) values ('11','Can delete group','3','delete_group');
Insert into SALONSELECTO.AUTH_PERMISSION (ID,NAME,CONTENT_TYPE_ID,CODENAME) values ('12','Can view group','3','view_group');
Insert into SALONSELECTO.AUTH_PERMISSION (ID,NAME,CONTENT_TYPE_ID,CODENAME) values ('13','Can add user','4','add_user');
Insert into SALONSELECTO.AUTH_PERMISSION (ID,NAME,CONTENT_TYPE_ID,CODENAME) values ('14','Can change user','4','change_user');
Insert into SALONSELECTO.AUTH_PERMISSION (ID,NAME,CONTENT_TYPE_ID,CODENAME) values ('15','Can delete user','4','delete_user');
Insert into SALONSELECTO.AUTH_PERMISSION (ID,NAME,CONTENT_TYPE_ID,CODENAME) values ('16','Can view user','4','view_user');
Insert into SALONSELECTO.AUTH_PERMISSION (ID,NAME,CONTENT_TYPE_ID,CODENAME) values ('17','Can add content type','5','add_contenttype');
Insert into SALONSELECTO.AUTH_PERMISSION (ID,NAME,CONTENT_TYPE_ID,CODENAME) values ('18','Can change content type','5','change_contenttype');
Insert into SALONSELECTO.AUTH_PERMISSION (ID,NAME,CONTENT_TYPE_ID,CODENAME) values ('19','Can delete content type','5','delete_contenttype');
Insert into SALONSELECTO.AUTH_PERMISSION (ID,NAME,CONTENT_TYPE_ID,CODENAME) values ('20','Can view content type','5','view_contenttype');
Insert into SALONSELECTO.AUTH_PERMISSION (ID,NAME,CONTENT_TYPE_ID,CODENAME) values ('21','Can add session','6','add_session');
Insert into SALONSELECTO.AUTH_PERMISSION (ID,NAME,CONTENT_TYPE_ID,CODENAME) values ('22','Can change session','6','change_session');
Insert into SALONSELECTO.AUTH_PERMISSION (ID,NAME,CONTENT_TYPE_ID,CODENAME) values ('23','Can delete session','6','delete_session');
Insert into SALONSELECTO.AUTH_PERMISSION (ID,NAME,CONTENT_TYPE_ID,CODENAME) values ('24','Can view session','6','view_session');
Insert into SALONSELECTO.AUTH_PERMISSION (ID,NAME,CONTENT_TYPE_ID,CODENAME) values ('25','Can add categoria','7','add_categoria');
Insert into SALONSELECTO.AUTH_PERMISSION (ID,NAME,CONTENT_TYPE_ID,CODENAME) values ('26','Can change categoria','7','change_categoria');
Insert into SALONSELECTO.AUTH_PERMISSION (ID,NAME,CONTENT_TYPE_ID,CODENAME) values ('27','Can delete categoria','7','delete_categoria');
Insert into SALONSELECTO.AUTH_PERMISSION (ID,NAME,CONTENT_TYPE_ID,CODENAME) values ('28','Can view categoria','7','view_categoria');
Insert into SALONSELECTO.AUTH_PERMISSION (ID,NAME,CONTENT_TYPE_ID,CODENAME) values ('29','Can add comida','8','add_comida');
Insert into SALONSELECTO.AUTH_PERMISSION (ID,NAME,CONTENT_TYPE_ID,CODENAME) values ('30','Can change comida','8','change_comida');
Insert into SALONSELECTO.AUTH_PERMISSION (ID,NAME,CONTENT_TYPE_ID,CODENAME) values ('31','Can delete comida','8','delete_comida');
Insert into SALONSELECTO.AUTH_PERMISSION (ID,NAME,CONTENT_TYPE_ID,CODENAME) values ('32','Can view comida','8','view_comida');
Insert into SALONSELECTO.AUTH_PERMISSION (ID,NAME,CONTENT_TYPE_ID,CODENAME) values ('33','Can add comuna','9','add_comuna');
Insert into SALONSELECTO.AUTH_PERMISSION (ID,NAME,CONTENT_TYPE_ID,CODENAME) values ('34','Can change comuna','9','change_comuna');
Insert into SALONSELECTO.AUTH_PERMISSION (ID,NAME,CONTENT_TYPE_ID,CODENAME) values ('35','Can delete comuna','9','delete_comuna');
Insert into SALONSELECTO.AUTH_PERMISSION (ID,NAME,CONTENT_TYPE_ID,CODENAME) values ('36','Can view comuna','9','view_comuna');
Insert into SALONSELECTO.AUTH_PERMISSION (ID,NAME,CONTENT_TYPE_ID,CODENAME) values ('37','Can add direccion','10','add_direccion');
Insert into SALONSELECTO.AUTH_PERMISSION (ID,NAME,CONTENT_TYPE_ID,CODENAME) values ('38','Can change direccion','10','change_direccion');
Insert into SALONSELECTO.AUTH_PERMISSION (ID,NAME,CONTENT_TYPE_ID,CODENAME) values ('39','Can delete direccion','10','delete_direccion');
Insert into SALONSELECTO.AUTH_PERMISSION (ID,NAME,CONTENT_TYPE_ID,CODENAME) values ('40','Can view direccion','10','view_direccion');
Insert into SALONSELECTO.AUTH_PERMISSION (ID,NAME,CONTENT_TYPE_ID,CODENAME) values ('41','Can add pregunta','11','add_pregunta');
Insert into SALONSELECTO.AUTH_PERMISSION (ID,NAME,CONTENT_TYPE_ID,CODENAME) values ('42','Can change pregunta','11','change_pregunta');
Insert into SALONSELECTO.AUTH_PERMISSION (ID,NAME,CONTENT_TYPE_ID,CODENAME) values ('43','Can delete pregunta','11','delete_pregunta');
Insert into SALONSELECTO.AUTH_PERMISSION (ID,NAME,CONTENT_TYPE_ID,CODENAME) values ('44','Can view pregunta','11','view_pregunta');
Insert into SALONSELECTO.AUTH_PERMISSION (ID,NAME,CONTENT_TYPE_ID,CODENAME) values ('45','Can add region','12','add_region');
Insert into SALONSELECTO.AUTH_PERMISSION (ID,NAME,CONTENT_TYPE_ID,CODENAME) values ('46','Can change region','12','change_region');
Insert into SALONSELECTO.AUTH_PERMISSION (ID,NAME,CONTENT_TYPE_ID,CODENAME) values ('47','Can delete region','12','delete_region');
Insert into SALONSELECTO.AUTH_PERMISSION (ID,NAME,CONTENT_TYPE_ID,CODENAME) values ('48','Can view region','12','view_region');
Insert into SALONSELECTO.AUTH_PERMISSION (ID,NAME,CONTENT_TYPE_ID,CODENAME) values ('49','Can add rol','13','add_rol');
Insert into SALONSELECTO.AUTH_PERMISSION (ID,NAME,CONTENT_TYPE_ID,CODENAME) values ('50','Can change rol','13','change_rol');
Insert into SALONSELECTO.AUTH_PERMISSION (ID,NAME,CONTENT_TYPE_ID,CODENAME) values ('51','Can delete rol','13','delete_rol');
Insert into SALONSELECTO.AUTH_PERMISSION (ID,NAME,CONTENT_TYPE_ID,CODENAME) values ('52','Can view rol','13','view_rol');
Insert into SALONSELECTO.AUTH_PERMISSION (ID,NAME,CONTENT_TYPE_ID,CODENAME) values ('53','Can add usuario','14','add_usuario');
Insert into SALONSELECTO.AUTH_PERMISSION (ID,NAME,CONTENT_TYPE_ID,CODENAME) values ('54','Can change usuario','14','change_usuario');
Insert into SALONSELECTO.AUTH_PERMISSION (ID,NAME,CONTENT_TYPE_ID,CODENAME) values ('55','Can delete usuario','14','delete_usuario');
Insert into SALONSELECTO.AUTH_PERMISSION (ID,NAME,CONTENT_TYPE_ID,CODENAME) values ('56','Can view usuario','14','view_usuario');
Insert into SALONSELECTO.AUTH_PERMISSION (ID,NAME,CONTENT_TYPE_ID,CODENAME) values ('57','Can add pedido','15','add_pedido');
Insert into SALONSELECTO.AUTH_PERMISSION (ID,NAME,CONTENT_TYPE_ID,CODENAME) values ('58','Can change pedido','15','change_pedido');
Insert into SALONSELECTO.AUTH_PERMISSION (ID,NAME,CONTENT_TYPE_ID,CODENAME) values ('59','Can delete pedido','15','delete_pedido');
Insert into SALONSELECTO.AUTH_PERMISSION (ID,NAME,CONTENT_TYPE_ID,CODENAME) values ('60','Can view pedido','15','view_pedido');
Insert into SALONSELECTO.AUTH_PERMISSION (ID,NAME,CONTENT_TYPE_ID,CODENAME) values ('61','Can add detalle','16','add_detalle');
Insert into SALONSELECTO.AUTH_PERMISSION (ID,NAME,CONTENT_TYPE_ID,CODENAME) values ('62','Can change detalle','16','change_detalle');
Insert into SALONSELECTO.AUTH_PERMISSION (ID,NAME,CONTENT_TYPE_ID,CODENAME) values ('63','Can delete detalle','16','delete_detalle');
Insert into SALONSELECTO.AUTH_PERMISSION (ID,NAME,CONTENT_TYPE_ID,CODENAME) values ('64','Can view detalle','16','view_detalle');
REM INSERTING into SALONSELECTO.AUTH_USER
SET DEFINE OFF;
Insert into SALONSELECTO.AUTH_USER (ID,PASSWORD,LAST_LOGIN,IS_SUPERUSER,USERNAME,FIRST_NAME,LAST_NAME,EMAIL,IS_STAFF,IS_ACTIVE,DATE_JOINED) values ('1','pbkdf2_sha256$390000$WRibwL4RxzA6HrWPbSqpCp$bc5qAEPc++QWB3ahEa0VL4ZOrUl71tR3bC3Oa1IQg7w=',to_timestamp('22/05/23 14:52:59,123873000','DD/MM/RR HH24:MI:SSXFF'),'1','salonselecto',null,null,'salonselecto@admin.cl','1','1',to_timestamp('22/05/23 14:42:55,039335000','DD/MM/RR HH24:MI:SSXFF'));
REM INSERTING into SALONSELECTO.AUTH_USER_GROUPS
SET DEFINE OFF;
REM INSERTING into SALONSELECTO.AUTH_USER_USER_PERMISSIONS
SET DEFINE OFF;
REM INSERTING into SALONSELECTO.DJANGO_ADMIN_LOG
SET DEFINE OFF;
Insert into SALONSELECTO.DJANGO_ADMIN_LOG (ID,ACTION_TIME,OBJECT_REPR,ACTION_FLAG,CONTENT_TYPE_ID,USER_ID) values ('1',to_timestamp('22/05/23 15:07:07,433778000','DD/MM/RR HH24:MI:SSXFF'),'Categoria object (2)','1','7','1');
Insert into SALONSELECTO.DJANGO_ADMIN_LOG (ID,ACTION_TIME,OBJECT_REPR,ACTION_FLAG,CONTENT_TYPE_ID,USER_ID) values ('2',to_timestamp('22/05/23 15:08:06,233173000','DD/MM/RR HH24:MI:SSXFF'),'Categoria object (2)','2','7','1');
Insert into SALONSELECTO.DJANGO_ADMIN_LOG (ID,ACTION_TIME,OBJECT_REPR,ACTION_FLAG,CONTENT_TYPE_ID,USER_ID) values ('3',to_timestamp('22/05/23 15:08:46,811777000','DD/MM/RR HH24:MI:SSXFF'),'Comida object (11007)','1','8','1');
Insert into SALONSELECTO.DJANGO_ADMIN_LOG (ID,ACTION_TIME,OBJECT_REPR,ACTION_FLAG,CONTENT_TYPE_ID,USER_ID) values ('4',to_timestamp('22/05/23 15:20:24,053503000','DD/MM/RR HH24:MI:SSXFF'),'Categoria object (2)','3','7','1');
REM INSERTING into SALONSELECTO.DJANGO_CONTENT_TYPE
SET DEFINE OFF;
Insert into SALONSELECTO.DJANGO_CONTENT_TYPE (ID,APP_LABEL,MODEL) values ('1','admin','logentry');
Insert into SALONSELECTO.DJANGO_CONTENT_TYPE (ID,APP_LABEL,MODEL) values ('2','auth','permission');
Insert into SALONSELECTO.DJANGO_CONTENT_TYPE (ID,APP_LABEL,MODEL) values ('3','auth','group');
Insert into SALONSELECTO.DJANGO_CONTENT_TYPE (ID,APP_LABEL,MODEL) values ('4','auth','user');
Insert into SALONSELECTO.DJANGO_CONTENT_TYPE (ID,APP_LABEL,MODEL) values ('5','contenttypes','contenttype');
Insert into SALONSELECTO.DJANGO_CONTENT_TYPE (ID,APP_LABEL,MODEL) values ('6','sessions','session');
Insert into SALONSELECTO.DJANGO_CONTENT_TYPE (ID,APP_LABEL,MODEL) values ('7','menu','categoria');
Insert into SALONSELECTO.DJANGO_CONTENT_TYPE (ID,APP_LABEL,MODEL) values ('8','menu','comida');
Insert into SALONSELECTO.DJANGO_CONTENT_TYPE (ID,APP_LABEL,MODEL) values ('9','menu','comuna');
Insert into SALONSELECTO.DJANGO_CONTENT_TYPE (ID,APP_LABEL,MODEL) values ('10','menu','direccion');
Insert into SALONSELECTO.DJANGO_CONTENT_TYPE (ID,APP_LABEL,MODEL) values ('11','menu','pregunta');
Insert into SALONSELECTO.DJANGO_CONTENT_TYPE (ID,APP_LABEL,MODEL) values ('12','menu','region');
Insert into SALONSELECTO.DJANGO_CONTENT_TYPE (ID,APP_LABEL,MODEL) values ('13','menu','rol');
Insert into SALONSELECTO.DJANGO_CONTENT_TYPE (ID,APP_LABEL,MODEL) values ('14','menu','usuario');
Insert into SALONSELECTO.DJANGO_CONTENT_TYPE (ID,APP_LABEL,MODEL) values ('15','menu','pedido');
Insert into SALONSELECTO.DJANGO_CONTENT_TYPE (ID,APP_LABEL,MODEL) values ('16','menu','detalle');
REM INSERTING into SALONSELECTO.DJANGO_MIGRATIONS
SET DEFINE OFF;
Insert into SALONSELECTO.DJANGO_MIGRATIONS (ID,APP,NAME,APPLIED) values ('1','contenttypes','0001_initial',to_timestamp('22/05/23 14:39:53,390220000','DD/MM/RR HH24:MI:SSXFF'));
Insert into SALONSELECTO.DJANGO_MIGRATIONS (ID,APP,NAME,APPLIED) values ('2','auth','0001_initial',to_timestamp('22/05/23 14:39:53,713361000','DD/MM/RR HH24:MI:SSXFF'));
Insert into SALONSELECTO.DJANGO_MIGRATIONS (ID,APP,NAME,APPLIED) values ('3','admin','0001_initial',to_timestamp('22/05/23 14:39:53,799746000','DD/MM/RR HH24:MI:SSXFF'));
Insert into SALONSELECTO.DJANGO_MIGRATIONS (ID,APP,NAME,APPLIED) values ('4','admin','0002_logentry_remove_auto_add',to_timestamp('22/05/23 14:39:53,823752000','DD/MM/RR HH24:MI:SSXFF'));
Insert into SALONSELECTO.DJANGO_MIGRATIONS (ID,APP,NAME,APPLIED) values ('5','admin','0003_logentry_add_action_flag_choices',to_timestamp('22/05/23 14:39:53,846757000','DD/MM/RR HH24:MI:SSXFF'));
Insert into SALONSELECTO.DJANGO_MIGRATIONS (ID,APP,NAME,APPLIED) values ('6','contenttypes','0002_remove_content_type_name',to_timestamp('22/05/23 14:39:54,189676000','DD/MM/RR HH24:MI:SSXFF'));
Insert into SALONSELECTO.DJANGO_MIGRATIONS (ID,APP,NAME,APPLIED) values ('7','auth','0002_alter_permission_name_max_length',to_timestamp('22/05/23 14:39:54,239688000','DD/MM/RR HH24:MI:SSXFF'));
Insert into SALONSELECTO.DJANGO_MIGRATIONS (ID,APP,NAME,APPLIED) values ('8','auth','0003_alter_user_email_max_length',to_timestamp('22/05/23 14:39:54,270696000','DD/MM/RR HH24:MI:SSXFF'));
Insert into SALONSELECTO.DJANGO_MIGRATIONS (ID,APP,NAME,APPLIED) values ('9','auth','0004_alter_user_username_opts',to_timestamp('22/05/23 14:39:54,292700000','DD/MM/RR HH24:MI:SSXFF'));
Insert into SALONSELECTO.DJANGO_MIGRATIONS (ID,APP,NAME,APPLIED) values ('10','auth','0005_alter_user_last_login_null',to_timestamp('22/05/23 14:39:54,324707000','DD/MM/RR HH24:MI:SSXFF'));
Insert into SALONSELECTO.DJANGO_MIGRATIONS (ID,APP,NAME,APPLIED) values ('11','auth','0006_require_contenttypes_0002',to_timestamp('22/05/23 14:39:54,342711000','DD/MM/RR HH24:MI:SSXFF'));
Insert into SALONSELECTO.DJANGO_MIGRATIONS (ID,APP,NAME,APPLIED) values ('12','auth','0007_alter_validators_add_error_messages',to_timestamp('22/05/23 14:39:54,368717000','DD/MM/RR HH24:MI:SSXFF'));
Insert into SALONSELECTO.DJANGO_MIGRATIONS (ID,APP,NAME,APPLIED) values ('13','auth','0008_alter_user_username_max_length',to_timestamp('22/05/23 14:39:54,398724000','DD/MM/RR HH24:MI:SSXFF'));
Insert into SALONSELECTO.DJANGO_MIGRATIONS (ID,APP,NAME,APPLIED) values ('14','auth','0009_alter_user_last_name_max_length',to_timestamp('22/05/23 14:39:54,426731000','DD/MM/RR HH24:MI:SSXFF'));
Insert into SALONSELECTO.DJANGO_MIGRATIONS (ID,APP,NAME,APPLIED) values ('15','auth','0010_alter_group_name_max_length',to_timestamp('22/05/23 14:39:54,456739000','DD/MM/RR HH24:MI:SSXFF'));
Insert into SALONSELECTO.DJANGO_MIGRATIONS (ID,APP,NAME,APPLIED) values ('16','auth','0011_update_proxy_permissions',to_timestamp('22/05/23 14:39:54,479743000','DD/MM/RR HH24:MI:SSXFF'));
Insert into SALONSELECTO.DJANGO_MIGRATIONS (ID,APP,NAME,APPLIED) values ('17','auth','0012_alter_user_first_name_max_length',to_timestamp('22/05/23 14:39:54,509750000','DD/MM/RR HH24:MI:SSXFF'));
Insert into SALONSELECTO.DJANGO_MIGRATIONS (ID,APP,NAME,APPLIED) values ('18','menu','0001_initial',to_timestamp('22/05/23 14:39:54,821822000','DD/MM/RR HH24:MI:SSXFF'));
Insert into SALONSELECTO.DJANGO_MIGRATIONS (ID,APP,NAME,APPLIED) values ('19','sessions','0001_initial',to_timestamp('22/05/23 14:39:54,866833000','DD/MM/RR HH24:MI:SSXFF'));
REM INSERTING into SALONSELECTO.DJANGO_SESSION
SET DEFINE OFF;
Insert into SALONSELECTO.DJANGO_SESSION (SESSION_KEY,EXPIRE_DATE) values ('ogm0fesf0r9w9ebh1bnd9gmxve7wga3h',to_timestamp('05/06/23 14:52:59,129142000','DD/MM/RR HH24:MI:SSXFF'));
REM INSERTING into SALONSELECTO.MENU_CATEGORIA
SET DEFINE OFF;
REM INSERTING into SALONSELECTO.MENU_COMIDA
SET DEFINE OFF;
REM INSERTING into SALONSELECTO.MENU_COMUNA
SET DEFINE OFF;
REM INSERTING into SALONSELECTO.MENU_DETALLE
SET DEFINE OFF;
REM INSERTING into SALONSELECTO.MENU_DIRECCION
SET DEFINE OFF;
REM INSERTING into SALONSELECTO.MENU_PEDIDO
SET DEFINE OFF;
REM INSERTING into SALONSELECTO.MENU_PREGUNTA
SET DEFINE OFF;
REM INSERTING into SALONSELECTO.MENU_REGION
SET DEFINE OFF;
REM INSERTING into SALONSELECTO.MENU_ROL
SET DEFINE OFF;
REM INSERTING into SALONSELECTO.MENU_USUARIO
SET DEFINE OFF;
--------------------------------------------------------
--  DDL for Index AUTH_GROU_GROUP_ID__0CD325B0_U
--------------------------------------------------------

  CREATE UNIQUE INDEX "SALONSELECTO"."AUTH_GROU_GROUP_ID__0CD325B0_U" ON "SALONSELECTO"."AUTH_GROUP_PERMISSIONS" ("GROUP_ID", "PERMISSION_ID") 
  PCTFREE 10 INITRANS 2 MAXTRANS 255 COMPUTE STATISTICS 
  TABLESPACE "USERS" ;
--------------------------------------------------------
--  DDL for Index AUTH_PERM_CONTENT_T_01AB375A_U
--------------------------------------------------------

  CREATE UNIQUE INDEX "SALONSELECTO"."AUTH_PERM_CONTENT_T_01AB375A_U" ON "SALONSELECTO"."AUTH_PERMISSION" ("CONTENT_TYPE_ID", "CODENAME") 
  PCTFREE 10 INITRANS 2 MAXTRANS 255 COMPUTE STATISTICS 
  STORAGE(INITIAL 65536 NEXT 1048576 MINEXTENTS 1 MAXEXTENTS 2147483645
  PCTINCREASE 0 FREELISTS 1 FREELIST GROUPS 1
  BUFFER_POOL DEFAULT FLASH_CACHE DEFAULT CELL_FLASH_CACHE DEFAULT)
  TABLESPACE "USERS" ;
--------------------------------------------------------
--  DDL for Index AUTH_USER_USER_ID_G_94350C0C_U
--------------------------------------------------------

  CREATE UNIQUE INDEX "SALONSELECTO"."AUTH_USER_USER_ID_G_94350C0C_U" ON "SALONSELECTO"."AUTH_USER_GROUPS" ("USER_ID", "GROUP_ID") 
  PCTFREE 10 INITRANS 2 MAXTRANS 255 COMPUTE STATISTICS 
  TABLESPACE "USERS" ;
--------------------------------------------------------
--  DDL for Index AUTH_USER_USER_ID_P_14A6B632_U
--------------------------------------------------------

  CREATE UNIQUE INDEX "SALONSELECTO"."AUTH_USER_USER_ID_P_14A6B632_U" ON "SALONSELECTO"."AUTH_USER_USER_PERMISSIONS" ("USER_ID", "PERMISSION_ID") 
  PCTFREE 10 INITRANS 2 MAXTRANS 255 COMPUTE STATISTICS 
  TABLESPACE "USERS" ;
--------------------------------------------------------
--  DDL for Index DJANGO_CO_APP_LABEL_76BD3D3B_U
--------------------------------------------------------

  CREATE UNIQUE INDEX "SALONSELECTO"."DJANGO_CO_APP_LABEL_76BD3D3B_U" ON "SALONSELECTO"."DJANGO_CONTENT_TYPE" ("APP_LABEL", "MODEL") 
  PCTFREE 10 INITRANS 2 MAXTRANS 255 COMPUTE STATISTICS 
  STORAGE(INITIAL 65536 NEXT 1048576 MINEXTENTS 1 MAXEXTENTS 2147483645
  PCTINCREASE 0 FREELISTS 1 FREELIST GROUPS 1
  BUFFER_POOL DEFAULT FLASH_CACHE DEFAULT CELL_FLASH_CACHE DEFAULT)
  TABLESPACE "USERS" ;
--------------------------------------------------------
--  DDL for Index AUTH_GROUP_PERMISSION_84C5C92E
--------------------------------------------------------

  CREATE INDEX "SALONSELECTO"."AUTH_GROUP_PERMISSION_84C5C92E" ON "SALONSELECTO"."AUTH_GROUP_PERMISSIONS" ("PERMISSION_ID") 
  PCTFREE 10 INITRANS 2 MAXTRANS 255 COMPUTE STATISTICS 
  TABLESPACE "USERS" ;
--------------------------------------------------------
--  DDL for Index MENU_COMID_ID_CATEGOR_D2DACC9F
--------------------------------------------------------

  CREATE INDEX "SALONSELECTO"."MENU_COMID_ID_CATEGOR_D2DACC9F" ON "SALONSELECTO"."MENU_COMIDA" ("ID_CATEGORIA_ID") 
  PCTFREE 10 INITRANS 2 MAXTRANS 255 COMPUTE STATISTICS 
  STORAGE(INITIAL 65536 NEXT 1048576 MINEXTENTS 1 MAXEXTENTS 2147483645
  PCTINCREASE 0 FREELISTS 1 FREELIST GROUPS 1
  BUFFER_POOL DEFAULT FLASH_CACHE DEFAULT CELL_FLASH_CACHE DEFAULT)
  TABLESPACE "USERS" ;
--------------------------------------------------------
--  DDL for Index MENU_USUAR_ID_ROL_ID_CD03F345
--------------------------------------------------------

  CREATE INDEX "SALONSELECTO"."MENU_USUAR_ID_ROL_ID_CD03F345" ON "SALONSELECTO"."MENU_USUARIO" ("ID_ROL_ID") 
  PCTFREE 10 INITRANS 2 MAXTRANS 255 COMPUTE STATISTICS 
  TABLESPACE "USERS" ;
--------------------------------------------------------
--  DDL for Index MENU_DETAL_ID_COMIDA__57B9197B
--------------------------------------------------------

  CREATE INDEX "SALONSELECTO"."MENU_DETAL_ID_COMIDA__57B9197B" ON "SALONSELECTO"."MENU_DETALLE" ("ID_COMIDA_ID") 
  PCTFREE 10 INITRANS 2 MAXTRANS 255 COMPUTE STATISTICS 
  TABLESPACE "USERS" ;
--------------------------------------------------------
--  DDL for Index MENU_DETAL_ID_PEDIDO__82D84E6F
--------------------------------------------------------

  CREATE INDEX "SALONSELECTO"."MENU_DETAL_ID_PEDIDO__82D84E6F" ON "SALONSELECTO"."MENU_DETALLE" ("ID_PEDIDO_ID") 
  PCTFREE 10 INITRANS 2 MAXTRANS 255 COMPUTE STATISTICS 
  TABLESPACE "USERS" ;
--------------------------------------------------------
--  DDL for Index AUTH_USER__USER_ID_6A12ED8B
--------------------------------------------------------

  CREATE INDEX "SALONSELECTO"."AUTH_USER__USER_ID_6A12ED8B" ON "SALONSELECTO"."AUTH_USER_GROUPS" ("USER_ID") 
  PCTFREE 10 INITRANS 2 MAXTRANS 255 COMPUTE STATISTICS 
  TABLESPACE "USERS" ;
--------------------------------------------------------
--  DDL for Index DJANGO_ADM_CONTENT_TY_C4BCE8EB
--------------------------------------------------------

  CREATE INDEX "SALONSELECTO"."DJANGO_ADM_CONTENT_TY_C4BCE8EB" ON "SALONSELECTO"."DJANGO_ADMIN_LOG" ("CONTENT_TYPE_ID") 
  PCTFREE 10 INITRANS 2 MAXTRANS 255 COMPUTE STATISTICS 
  STORAGE(INITIAL 65536 NEXT 1048576 MINEXTENTS 1 MAXEXTENTS 2147483645
  PCTINCREASE 0 FREELISTS 1 FREELIST GROUPS 1
  BUFFER_POOL DEFAULT FLASH_CACHE DEFAULT CELL_FLASH_CACHE DEFAULT)
  TABLESPACE "USERS" ;
--------------------------------------------------------
--  DDL for Index AUTH_GROUP_GROUP_ID_B120CBF9
--------------------------------------------------------

  CREATE INDEX "SALONSELECTO"."AUTH_GROUP_GROUP_ID_B120CBF9" ON "SALONSELECTO"."AUTH_GROUP_PERMISSIONS" ("GROUP_ID") 
  PCTFREE 10 INITRANS 2 MAXTRANS 255 COMPUTE STATISTICS 
  TABLESPACE "USERS" ;
--------------------------------------------------------
--  DDL for Index AUTH_USER__PERMISSION_1FBB5F2C
--------------------------------------------------------

  CREATE INDEX "SALONSELECTO"."AUTH_USER__PERMISSION_1FBB5F2C" ON "SALONSELECTO"."AUTH_USER_USER_PERMISSIONS" ("PERMISSION_ID") 
  PCTFREE 10 INITRANS 2 MAXTRANS 255 COMPUTE STATISTICS 
  TABLESPACE "USERS" ;
--------------------------------------------------------
--  DDL for Index DJANGO_SES_EXPIRE_DAT_A5C62663
--------------------------------------------------------

  CREATE INDEX "SALONSELECTO"."DJANGO_SES_EXPIRE_DAT_A5C62663" ON "SALONSELECTO"."DJANGO_SESSION" ("EXPIRE_DATE") 
  PCTFREE 10 INITRANS 2 MAXTRANS 255 COMPUTE STATISTICS 
  STORAGE(INITIAL 65536 NEXT 1048576 MINEXTENTS 1 MAXEXTENTS 2147483645
  PCTINCREASE 0 FREELISTS 1 FREELIST GROUPS 1
  BUFFER_POOL DEFAULT FLASH_CACHE DEFAULT CELL_FLASH_CACHE DEFAULT)
  TABLESPACE "USERS" ;
--------------------------------------------------------
--  DDL for Index AUTH_USER__USER_ID_A95EAD1B
--------------------------------------------------------

  CREATE INDEX "SALONSELECTO"."AUTH_USER__USER_ID_A95EAD1B" ON "SALONSELECTO"."AUTH_USER_USER_PERMISSIONS" ("USER_ID") 
  PCTFREE 10 INITRANS 2 MAXTRANS 255 COMPUTE STATISTICS 
  TABLESPACE "USERS" ;
--------------------------------------------------------
--  DDL for Index AUTH_USER__GROUP_ID_97559544
--------------------------------------------------------

  CREATE INDEX "SALONSELECTO"."AUTH_USER__GROUP_ID_97559544" ON "SALONSELECTO"."AUTH_USER_GROUPS" ("GROUP_ID") 
  PCTFREE 10 INITRANS 2 MAXTRANS 255 COMPUTE STATISTICS 
  TABLESPACE "USERS" ;
--------------------------------------------------------
--  DDL for Index MENU_USUAR_ID_PREGUNT_E31B95F6
--------------------------------------------------------

  CREATE INDEX "SALONSELECTO"."MENU_USUAR_ID_PREGUNT_E31B95F6" ON "SALONSELECTO"."MENU_USUARIO" ("ID_PREGUNTA_ID") 
  PCTFREE 10 INITRANS 2 MAXTRANS 255 COMPUTE STATISTICS 
  TABLESPACE "USERS" ;
--------------------------------------------------------
--  DDL for Index MENU_USUAR_ID_DIRECCI_13572967
--------------------------------------------------------

  CREATE INDEX "SALONSELECTO"."MENU_USUAR_ID_DIRECCI_13572967" ON "SALONSELECTO"."MENU_USUARIO" ("ID_DIRECCION_ID") 
  PCTFREE 10 INITRANS 2 MAXTRANS 255 COMPUTE STATISTICS 
  TABLESPACE "USERS" ;
--------------------------------------------------------
--  DDL for Index MENU_PEDID_ID_DIRECCI_F1137CF3
--------------------------------------------------------

  CREATE INDEX "SALONSELECTO"."MENU_PEDID_ID_DIRECCI_F1137CF3" ON "SALONSELECTO"."MENU_PEDIDO" ("ID_DIRECCION_ID") 
  PCTFREE 10 INITRANS 2 MAXTRANS 255 COMPUTE STATISTICS 
  TABLESPACE "USERS" ;
--------------------------------------------------------
--  DDL for Index MENU_PEDID_ID_USUARIO_1178ABB5
--------------------------------------------------------

  CREATE INDEX "SALONSELECTO"."MENU_PEDID_ID_USUARIO_1178ABB5" ON "SALONSELECTO"."MENU_PEDIDO" ("ID_USUARIO_ID") 
  PCTFREE 10 INITRANS 2 MAXTRANS 255 COMPUTE STATISTICS 
  TABLESPACE "USERS" ;
--------------------------------------------------------
--  DDL for Index AUTH_PERMI_CONTENT_TY_2F476E4B
--------------------------------------------------------

  CREATE INDEX "SALONSELECTO"."AUTH_PERMI_CONTENT_TY_2F476E4B" ON "SALONSELECTO"."AUTH_PERMISSION" ("CONTENT_TYPE_ID") 
  PCTFREE 10 INITRANS 2 MAXTRANS 255 COMPUTE STATISTICS 
  STORAGE(INITIAL 65536 NEXT 1048576 MINEXTENTS 1 MAXEXTENTS 2147483645
  PCTINCREASE 0 FREELISTS 1 FREELIST GROUPS 1
  BUFFER_POOL DEFAULT FLASH_CACHE DEFAULT CELL_FLASH_CACHE DEFAULT)
  TABLESPACE "USERS" ;
--------------------------------------------------------
--  DDL for Index MENU_COMUN_ID_REGION__95459B9E
--------------------------------------------------------

  CREATE INDEX "SALONSELECTO"."MENU_COMUN_ID_REGION__95459B9E" ON "SALONSELECTO"."MENU_COMUNA" ("ID_REGION_ID") 
  PCTFREE 10 INITRANS 2 MAXTRANS 255 COMPUTE STATISTICS 
  TABLESPACE "USERS" ;
--------------------------------------------------------
--  DDL for Index MENU_DIREC_ID_COMUNA__E2714798
--------------------------------------------------------

  CREATE INDEX "SALONSELECTO"."MENU_DIREC_ID_COMUNA__E2714798" ON "SALONSELECTO"."MENU_DIRECCION" ("ID_COMUNA_ID") 
  PCTFREE 10 INITRANS 2 MAXTRANS 255 COMPUTE STATISTICS 
  TABLESPACE "USERS" ;
--------------------------------------------------------
--  DDL for Index DJANGO_ADM_USER_ID_C564EBA6
--------------------------------------------------------

  CREATE INDEX "SALONSELECTO"."DJANGO_ADM_USER_ID_C564EBA6" ON "SALONSELECTO"."DJANGO_ADMIN_LOG" ("USER_ID") 
  PCTFREE 10 INITRANS 2 MAXTRANS 255 COMPUTE STATISTICS 
  STORAGE(INITIAL 65536 NEXT 1048576 MINEXTENTS 1 MAXEXTENTS 2147483645
  PCTINCREASE 0 FREELISTS 1 FREELIST GROUPS 1
  BUFFER_POOL DEFAULT FLASH_CACHE DEFAULT CELL_FLASH_CACHE DEFAULT)
  TABLESPACE "USERS" ;
--------------------------------------------------------
--  Constraints for Table MENU_COMUNA
--------------------------------------------------------

  ALTER TABLE "SALONSELECTO"."MENU_COMUNA" MODIFY ("ID_COMUNA" NOT NULL ENABLE);
  ALTER TABLE "SALONSELECTO"."MENU_COMUNA" ADD PRIMARY KEY ("ID_COMUNA")
  USING INDEX PCTFREE 10 INITRANS 2 MAXTRANS 255 
  TABLESPACE "USERS"  ENABLE;
  ALTER TABLE "SALONSELECTO"."MENU_COMUNA" MODIFY ("ID_REGION_ID" NOT NULL ENABLE);
--------------------------------------------------------
--  Constraints for Table AUTH_USER_USER_PERMISSIONS
--------------------------------------------------------

  ALTER TABLE "SALONSELECTO"."AUTH_USER_USER_PERMISSIONS" MODIFY ("ID" NOT NULL ENABLE);
  ALTER TABLE "SALONSELECTO"."AUTH_USER_USER_PERMISSIONS" MODIFY ("USER_ID" NOT NULL ENABLE);
  ALTER TABLE "SALONSELECTO"."AUTH_USER_USER_PERMISSIONS" MODIFY ("PERMISSION_ID" NOT NULL ENABLE);
  ALTER TABLE "SALONSELECTO"."AUTH_USER_USER_PERMISSIONS" ADD PRIMARY KEY ("ID")
  USING INDEX PCTFREE 10 INITRANS 2 MAXTRANS 255 
  TABLESPACE "USERS"  ENABLE;
  ALTER TABLE "SALONSELECTO"."AUTH_USER_USER_PERMISSIONS" ADD CONSTRAINT "AUTH_USER_USER_ID_P_14A6B632_U" UNIQUE ("USER_ID", "PERMISSION_ID")
  USING INDEX PCTFREE 10 INITRANS 2 MAXTRANS 255 COMPUTE STATISTICS 
  TABLESPACE "USERS"  ENABLE;
--------------------------------------------------------
--  Constraints for Table MENU_USUARIO
--------------------------------------------------------

  ALTER TABLE "SALONSELECTO"."MENU_USUARIO" MODIFY ("ID_USUARIO" NOT NULL ENABLE);
  ALTER TABLE "SALONSELECTO"."MENU_USUARIO" MODIFY ("FECHA_NACIMIENTO" NOT NULL ENABLE);
  ALTER TABLE "SALONSELECTO"."MENU_USUARIO" MODIFY ("ID_DIRECCION_ID" NOT NULL ENABLE);
  ALTER TABLE "SALONSELECTO"."MENU_USUARIO" MODIFY ("ID_PREGUNTA_ID" NOT NULL ENABLE);
  ALTER TABLE "SALONSELECTO"."MENU_USUARIO" MODIFY ("ID_ROL_ID" NOT NULL ENABLE);
  ALTER TABLE "SALONSELECTO"."MENU_USUARIO" ADD PRIMARY KEY ("ID_USUARIO")
  USING INDEX PCTFREE 10 INITRANS 2 MAXTRANS 255 
  TABLESPACE "USERS"  ENABLE;
--------------------------------------------------------
--  Constraints for Table DJANGO_SESSION
--------------------------------------------------------

  ALTER TABLE "SALONSELECTO"."DJANGO_SESSION" MODIFY ("SESSION_KEY" NOT NULL ENABLE);
  ALTER TABLE "SALONSELECTO"."DJANGO_SESSION" MODIFY ("EXPIRE_DATE" NOT NULL ENABLE);
  ALTER TABLE "SALONSELECTO"."DJANGO_SESSION" ADD PRIMARY KEY ("SESSION_KEY")
  USING INDEX PCTFREE 10 INITRANS 2 MAXTRANS 255 
  STORAGE(INITIAL 65536 NEXT 1048576 MINEXTENTS 1 MAXEXTENTS 2147483645
  PCTINCREASE 0 FREELISTS 1 FREELIST GROUPS 1
  BUFFER_POOL DEFAULT FLASH_CACHE DEFAULT CELL_FLASH_CACHE DEFAULT)
  TABLESPACE "USERS"  ENABLE;
--------------------------------------------------------
--  Constraints for Table MENU_CATEGORIA
--------------------------------------------------------

  ALTER TABLE "SALONSELECTO"."MENU_CATEGORIA" MODIFY ("ID_CATEGORIA" NOT NULL ENABLE);
  ALTER TABLE "SALONSELECTO"."MENU_CATEGORIA" ADD PRIMARY KEY ("ID_CATEGORIA")
  USING INDEX PCTFREE 10 INITRANS 2 MAXTRANS 255 
  STORAGE(INITIAL 65536 NEXT 1048576 MINEXTENTS 1 MAXEXTENTS 2147483645
  PCTINCREASE 0 FREELISTS 1 FREELIST GROUPS 1
  BUFFER_POOL DEFAULT FLASH_CACHE DEFAULT CELL_FLASH_CACHE DEFAULT)
  TABLESPACE "USERS"  ENABLE;
--------------------------------------------------------
--  Constraints for Table AUTH_USER
--------------------------------------------------------

  ALTER TABLE "SALONSELECTO"."AUTH_USER" MODIFY ("ID" NOT NULL ENABLE);
  ALTER TABLE "SALONSELECTO"."AUTH_USER" MODIFY ("IS_SUPERUSER" NOT NULL ENABLE);
  ALTER TABLE "SALONSELECTO"."AUTH_USER" MODIFY ("IS_STAFF" NOT NULL ENABLE);
  ALTER TABLE "SALONSELECTO"."AUTH_USER" MODIFY ("IS_ACTIVE" NOT NULL ENABLE);
  ALTER TABLE "SALONSELECTO"."AUTH_USER" MODIFY ("DATE_JOINED" NOT NULL ENABLE);
  ALTER TABLE "SALONSELECTO"."AUTH_USER" ADD CHECK ("IS_SUPERUSER" IN (0,1)) ENABLE;
  ALTER TABLE "SALONSELECTO"."AUTH_USER" ADD CHECK ("IS_STAFF" IN (0,1)) ENABLE;
  ALTER TABLE "SALONSELECTO"."AUTH_USER" ADD CHECK ("IS_ACTIVE" IN (0,1)) ENABLE;
  ALTER TABLE "SALONSELECTO"."AUTH_USER" ADD PRIMARY KEY ("ID")
  USING INDEX PCTFREE 10 INITRANS 2 MAXTRANS 255 
  STORAGE(INITIAL 65536 NEXT 1048576 MINEXTENTS 1 MAXEXTENTS 2147483645
  PCTINCREASE 0 FREELISTS 1 FREELIST GROUPS 1
  BUFFER_POOL DEFAULT FLASH_CACHE DEFAULT CELL_FLASH_CACHE DEFAULT)
  TABLESPACE "USERS"  ENABLE;
  ALTER TABLE "SALONSELECTO"."AUTH_USER" ADD UNIQUE ("USERNAME")
  USING INDEX PCTFREE 10 INITRANS 2 MAXTRANS 255 
  STORAGE(INITIAL 65536 NEXT 1048576 MINEXTENTS 1 MAXEXTENTS 2147483645
  PCTINCREASE 0 FREELISTS 1 FREELIST GROUPS 1
  BUFFER_POOL DEFAULT FLASH_CACHE DEFAULT CELL_FLASH_CACHE DEFAULT)
  TABLESPACE "USERS"  ENABLE;
--------------------------------------------------------
--  Constraints for Table MENU_COMIDA
--------------------------------------------------------

  ALTER TABLE "SALONSELECTO"."MENU_COMIDA" MODIFY ("ID_COMIDA" NOT NULL ENABLE);
  ALTER TABLE "SALONSELECTO"."MENU_COMIDA" MODIFY ("ID_CATEGORIA_ID" NOT NULL ENABLE);
  ALTER TABLE "SALONSELECTO"."MENU_COMIDA" ADD PRIMARY KEY ("ID_COMIDA")
  USING INDEX PCTFREE 10 INITRANS 2 MAXTRANS 255 
  STORAGE(INITIAL 65536 NEXT 1048576 MINEXTENTS 1 MAXEXTENTS 2147483645
  PCTINCREASE 0 FREELISTS 1 FREELIST GROUPS 1
  BUFFER_POOL DEFAULT FLASH_CACHE DEFAULT CELL_FLASH_CACHE DEFAULT)
  TABLESPACE "USERS"  ENABLE;
--------------------------------------------------------
--  Constraints for Table MENU_DIRECCION
--------------------------------------------------------

  ALTER TABLE "SALONSELECTO"."MENU_DIRECCION" MODIFY ("ID_DIRECCION" NOT NULL ENABLE);
  ALTER TABLE "SALONSELECTO"."MENU_DIRECCION" MODIFY ("ID_COMUNA_ID" NOT NULL ENABLE);
  ALTER TABLE "SALONSELECTO"."MENU_DIRECCION" ADD PRIMARY KEY ("ID_DIRECCION")
  USING INDEX PCTFREE 10 INITRANS 2 MAXTRANS 255 
  TABLESPACE "USERS"  ENABLE;
--------------------------------------------------------
--  Constraints for Table AUTH_PERMISSION
--------------------------------------------------------

  ALTER TABLE "SALONSELECTO"."AUTH_PERMISSION" MODIFY ("ID" NOT NULL ENABLE);
  ALTER TABLE "SALONSELECTO"."AUTH_PERMISSION" MODIFY ("CONTENT_TYPE_ID" NOT NULL ENABLE);
  ALTER TABLE "SALONSELECTO"."AUTH_PERMISSION" ADD PRIMARY KEY ("ID")
  USING INDEX PCTFREE 10 INITRANS 2 MAXTRANS 255 
  STORAGE(INITIAL 65536 NEXT 1048576 MINEXTENTS 1 MAXEXTENTS 2147483645
  PCTINCREASE 0 FREELISTS 1 FREELIST GROUPS 1
  BUFFER_POOL DEFAULT FLASH_CACHE DEFAULT CELL_FLASH_CACHE DEFAULT)
  TABLESPACE "USERS"  ENABLE;
  ALTER TABLE "SALONSELECTO"."AUTH_PERMISSION" ADD CONSTRAINT "AUTH_PERM_CONTENT_T_01AB375A_U" UNIQUE ("CONTENT_TYPE_ID", "CODENAME")
  USING INDEX PCTFREE 10 INITRANS 2 MAXTRANS 255 COMPUTE STATISTICS 
  STORAGE(INITIAL 65536 NEXT 1048576 MINEXTENTS 1 MAXEXTENTS 2147483645
  PCTINCREASE 0 FREELISTS 1 FREELIST GROUPS 1
  BUFFER_POOL DEFAULT FLASH_CACHE DEFAULT CELL_FLASH_CACHE DEFAULT)
  TABLESPACE "USERS"  ENABLE;
--------------------------------------------------------
--  Constraints for Table MENU_PREGUNTA
--------------------------------------------------------

  ALTER TABLE "SALONSELECTO"."MENU_PREGUNTA" MODIFY ("ID_PREGUNTA" NOT NULL ENABLE);
  ALTER TABLE "SALONSELECTO"."MENU_PREGUNTA" ADD PRIMARY KEY ("ID_PREGUNTA")
  USING INDEX PCTFREE 10 INITRANS 2 MAXTRANS 255 
  TABLESPACE "USERS"  ENABLE;
--------------------------------------------------------
--  Constraints for Table AUTH_USER_GROUPS
--------------------------------------------------------

  ALTER TABLE "SALONSELECTO"."AUTH_USER_GROUPS" MODIFY ("ID" NOT NULL ENABLE);
  ALTER TABLE "SALONSELECTO"."AUTH_USER_GROUPS" MODIFY ("USER_ID" NOT NULL ENABLE);
  ALTER TABLE "SALONSELECTO"."AUTH_USER_GROUPS" MODIFY ("GROUP_ID" NOT NULL ENABLE);
  ALTER TABLE "SALONSELECTO"."AUTH_USER_GROUPS" ADD PRIMARY KEY ("ID")
  USING INDEX PCTFREE 10 INITRANS 2 MAXTRANS 255 
  TABLESPACE "USERS"  ENABLE;
  ALTER TABLE "SALONSELECTO"."AUTH_USER_GROUPS" ADD CONSTRAINT "AUTH_USER_USER_ID_G_94350C0C_U" UNIQUE ("USER_ID", "GROUP_ID")
  USING INDEX PCTFREE 10 INITRANS 2 MAXTRANS 255 COMPUTE STATISTICS 
  TABLESPACE "USERS"  ENABLE;
--------------------------------------------------------
--  Constraints for Table DJANGO_CONTENT_TYPE
--------------------------------------------------------

  ALTER TABLE "SALONSELECTO"."DJANGO_CONTENT_TYPE" MODIFY ("ID" NOT NULL ENABLE);
  ALTER TABLE "SALONSELECTO"."DJANGO_CONTENT_TYPE" ADD PRIMARY KEY ("ID")
  USING INDEX PCTFREE 10 INITRANS 2 MAXTRANS 255 
  STORAGE(INITIAL 65536 NEXT 1048576 MINEXTENTS 1 MAXEXTENTS 2147483645
  PCTINCREASE 0 FREELISTS 1 FREELIST GROUPS 1
  BUFFER_POOL DEFAULT FLASH_CACHE DEFAULT CELL_FLASH_CACHE DEFAULT)
  TABLESPACE "USERS"  ENABLE;
  ALTER TABLE "SALONSELECTO"."DJANGO_CONTENT_TYPE" ADD CONSTRAINT "DJANGO_CO_APP_LABEL_76BD3D3B_U" UNIQUE ("APP_LABEL", "MODEL")
  USING INDEX PCTFREE 10 INITRANS 2 MAXTRANS 255 COMPUTE STATISTICS 
  STORAGE(INITIAL 65536 NEXT 1048576 MINEXTENTS 1 MAXEXTENTS 2147483645
  PCTINCREASE 0 FREELISTS 1 FREELIST GROUPS 1
  BUFFER_POOL DEFAULT FLASH_CACHE DEFAULT CELL_FLASH_CACHE DEFAULT)
  TABLESPACE "USERS"  ENABLE;
--------------------------------------------------------
--  Constraints for Table DJANGO_MIGRATIONS
--------------------------------------------------------

  ALTER TABLE "SALONSELECTO"."DJANGO_MIGRATIONS" MODIFY ("ID" NOT NULL ENABLE);
  ALTER TABLE "SALONSELECTO"."DJANGO_MIGRATIONS" MODIFY ("APPLIED" NOT NULL ENABLE);
  ALTER TABLE "SALONSELECTO"."DJANGO_MIGRATIONS" ADD PRIMARY KEY ("ID")
  USING INDEX PCTFREE 10 INITRANS 2 MAXTRANS 255 
  STORAGE(INITIAL 65536 NEXT 1048576 MINEXTENTS 1 MAXEXTENTS 2147483645
  PCTINCREASE 0 FREELISTS 1 FREELIST GROUPS 1
  BUFFER_POOL DEFAULT FLASH_CACHE DEFAULT CELL_FLASH_CACHE DEFAULT)
  TABLESPACE "USERS"  ENABLE;
--------------------------------------------------------
--  Constraints for Table MENU_REGION
--------------------------------------------------------

  ALTER TABLE "SALONSELECTO"."MENU_REGION" MODIFY ("ID_REGION" NOT NULL ENABLE);
  ALTER TABLE "SALONSELECTO"."MENU_REGION" ADD PRIMARY KEY ("ID_REGION")
  USING INDEX PCTFREE 10 INITRANS 2 MAXTRANS 255 
  TABLESPACE "USERS"  ENABLE;
--------------------------------------------------------
--  Constraints for Table DJANGO_ADMIN_LOG
--------------------------------------------------------

  ALTER TABLE "SALONSELECTO"."DJANGO_ADMIN_LOG" MODIFY ("ID" NOT NULL ENABLE);
  ALTER TABLE "SALONSELECTO"."DJANGO_ADMIN_LOG" MODIFY ("ACTION_TIME" NOT NULL ENABLE);
  ALTER TABLE "SALONSELECTO"."DJANGO_ADMIN_LOG" MODIFY ("ACTION_FLAG" NOT NULL ENABLE);
  ALTER TABLE "SALONSELECTO"."DJANGO_ADMIN_LOG" MODIFY ("USER_ID" NOT NULL ENABLE);
  ALTER TABLE "SALONSELECTO"."DJANGO_ADMIN_LOG" ADD CHECK ("ACTION_FLAG" >= 0) ENABLE;
  ALTER TABLE "SALONSELECTO"."DJANGO_ADMIN_LOG" ADD PRIMARY KEY ("ID")
  USING INDEX PCTFREE 10 INITRANS 2 MAXTRANS 255 
  STORAGE(INITIAL 65536 NEXT 1048576 MINEXTENTS 1 MAXEXTENTS 2147483645
  PCTINCREASE 0 FREELISTS 1 FREELIST GROUPS 1
  BUFFER_POOL DEFAULT FLASH_CACHE DEFAULT CELL_FLASH_CACHE DEFAULT)
  TABLESPACE "USERS"  ENABLE;
--------------------------------------------------------
--  Constraints for Table AUTH_GROUP_PERMISSIONS
--------------------------------------------------------

  ALTER TABLE "SALONSELECTO"."AUTH_GROUP_PERMISSIONS" MODIFY ("ID" NOT NULL ENABLE);
  ALTER TABLE "SALONSELECTO"."AUTH_GROUP_PERMISSIONS" MODIFY ("GROUP_ID" NOT NULL ENABLE);
  ALTER TABLE "SALONSELECTO"."AUTH_GROUP_PERMISSIONS" MODIFY ("PERMISSION_ID" NOT NULL ENABLE);
  ALTER TABLE "SALONSELECTO"."AUTH_GROUP_PERMISSIONS" ADD PRIMARY KEY ("ID")
  USING INDEX PCTFREE 10 INITRANS 2 MAXTRANS 255 
  TABLESPACE "USERS"  ENABLE;
  ALTER TABLE "SALONSELECTO"."AUTH_GROUP_PERMISSIONS" ADD CONSTRAINT "AUTH_GROU_GROUP_ID__0CD325B0_U" UNIQUE ("GROUP_ID", "PERMISSION_ID")
  USING INDEX PCTFREE 10 INITRANS 2 MAXTRANS 255 COMPUTE STATISTICS 
  TABLESPACE "USERS"  ENABLE;
--------------------------------------------------------
--  Constraints for Table MENU_PEDIDO
--------------------------------------------------------

  ALTER TABLE "SALONSELECTO"."MENU_PEDIDO" MODIFY ("ID_PEDIDO" NOT NULL ENABLE);
  ALTER TABLE "SALONSELECTO"."MENU_PEDIDO" MODIFY ("F_PEDIDO" NOT NULL ENABLE);
  ALTER TABLE "SALONSELECTO"."MENU_PEDIDO" MODIFY ("TOTAL" NOT NULL ENABLE);
  ALTER TABLE "SALONSELECTO"."MENU_PEDIDO" MODIFY ("COSTO_ENVIO" NOT NULL ENABLE);
  ALTER TABLE "SALONSELECTO"."MENU_PEDIDO" MODIFY ("ID_DIRECCION_ID" NOT NULL ENABLE);
  ALTER TABLE "SALONSELECTO"."MENU_PEDIDO" MODIFY ("ID_USUARIO_ID" NOT NULL ENABLE);
  ALTER TABLE "SALONSELECTO"."MENU_PEDIDO" ADD PRIMARY KEY ("ID_PEDIDO")
  USING INDEX PCTFREE 10 INITRANS 2 MAXTRANS 255 
  TABLESPACE "USERS"  ENABLE;
--------------------------------------------------------
--  Constraints for Table AUTH_GROUP
--------------------------------------------------------

  ALTER TABLE "SALONSELECTO"."AUTH_GROUP" MODIFY ("ID" NOT NULL ENABLE);
  ALTER TABLE "SALONSELECTO"."AUTH_GROUP" ADD PRIMARY KEY ("ID")
  USING INDEX PCTFREE 10 INITRANS 2 MAXTRANS 255 
  TABLESPACE "USERS"  ENABLE;
  ALTER TABLE "SALONSELECTO"."AUTH_GROUP" ADD UNIQUE ("NAME")
  USING INDEX PCTFREE 10 INITRANS 2 MAXTRANS 255 
  TABLESPACE "USERS"  ENABLE;
--------------------------------------------------------
--  Constraints for Table MENU_DETALLE
--------------------------------------------------------

  ALTER TABLE "SALONSELECTO"."MENU_DETALLE" MODIFY ("ID_DETALLE" NOT NULL ENABLE);
  ALTER TABLE "SALONSELECTO"."MENU_DETALLE" MODIFY ("CANTIDAD" NOT NULL ENABLE);
  ALTER TABLE "SALONSELECTO"."MENU_DETALLE" MODIFY ("SUBTOTAL" NOT NULL ENABLE);
  ALTER TABLE "SALONSELECTO"."MENU_DETALLE" MODIFY ("ID_COMIDA_ID" NOT NULL ENABLE);
  ALTER TABLE "SALONSELECTO"."MENU_DETALLE" MODIFY ("ID_PEDIDO_ID" NOT NULL ENABLE);
  ALTER TABLE "SALONSELECTO"."MENU_DETALLE" ADD PRIMARY KEY ("ID_DETALLE")
  USING INDEX PCTFREE 10 INITRANS 2 MAXTRANS 255 
  TABLESPACE "USERS"  ENABLE;
--------------------------------------------------------
--  Constraints for Table MENU_ROL
--------------------------------------------------------

  ALTER TABLE "SALONSELECTO"."MENU_ROL" MODIFY ("ID_ROL" NOT NULL ENABLE);
  ALTER TABLE "SALONSELECTO"."MENU_ROL" ADD PRIMARY KEY ("ID_ROL")
  USING INDEX PCTFREE 10 INITRANS 2 MAXTRANS 255 
  TABLESPACE "USERS"  ENABLE;
--------------------------------------------------------
--  Ref Constraints for Table AUTH_GROUP_PERMISSIONS
--------------------------------------------------------

  ALTER TABLE "SALONSELECTO"."AUTH_GROUP_PERMISSIONS" ADD CONSTRAINT "AUTH_GROU_GROUP_ID_B120CBF9_F" FOREIGN KEY ("GROUP_ID")
	  REFERENCES "SALONSELECTO"."AUTH_GROUP" ("ID") DEFERRABLE INITIALLY DEFERRED ENABLE;
  ALTER TABLE "SALONSELECTO"."AUTH_GROUP_PERMISSIONS" ADD CONSTRAINT "AUTH_GROU_PERMISSIO_84C5C92E_F" FOREIGN KEY ("PERMISSION_ID")
	  REFERENCES "SALONSELECTO"."AUTH_PERMISSION" ("ID") DEFERRABLE INITIALLY DEFERRED ENABLE;
--------------------------------------------------------
--  Ref Constraints for Table AUTH_PERMISSION
--------------------------------------------------------

  ALTER TABLE "SALONSELECTO"."AUTH_PERMISSION" ADD CONSTRAINT "AUTH_PERM_CONTENT_T_2F476E4B_F" FOREIGN KEY ("CONTENT_TYPE_ID")
	  REFERENCES "SALONSELECTO"."DJANGO_CONTENT_TYPE" ("ID") DEFERRABLE INITIALLY DEFERRED ENABLE;
--------------------------------------------------------
--  Ref Constraints for Table AUTH_USER_GROUPS
--------------------------------------------------------

  ALTER TABLE "SALONSELECTO"."AUTH_USER_GROUPS" ADD CONSTRAINT "AUTH_USER_USER_ID_6A12ED8B_F" FOREIGN KEY ("USER_ID")
	  REFERENCES "SALONSELECTO"."AUTH_USER" ("ID") DEFERRABLE INITIALLY DEFERRED ENABLE;
  ALTER TABLE "SALONSELECTO"."AUTH_USER_GROUPS" ADD CONSTRAINT "AUTH_USER_GROUP_ID_97559544_F" FOREIGN KEY ("GROUP_ID")
	  REFERENCES "SALONSELECTO"."AUTH_GROUP" ("ID") DEFERRABLE INITIALLY DEFERRED ENABLE;
--------------------------------------------------------
--  Ref Constraints for Table AUTH_USER_USER_PERMISSIONS
--------------------------------------------------------

  ALTER TABLE "SALONSELECTO"."AUTH_USER_USER_PERMISSIONS" ADD CONSTRAINT "AUTH_USER_USER_ID_A95EAD1B_F" FOREIGN KEY ("USER_ID")
	  REFERENCES "SALONSELECTO"."AUTH_USER" ("ID") DEFERRABLE INITIALLY DEFERRED ENABLE;
  ALTER TABLE "SALONSELECTO"."AUTH_USER_USER_PERMISSIONS" ADD CONSTRAINT "AUTH_USER_PERMISSIO_1FBB5F2C_F" FOREIGN KEY ("PERMISSION_ID")
	  REFERENCES "SALONSELECTO"."AUTH_PERMISSION" ("ID") DEFERRABLE INITIALLY DEFERRED ENABLE;
--------------------------------------------------------
--  Ref Constraints for Table DJANGO_ADMIN_LOG
--------------------------------------------------------

  ALTER TABLE "SALONSELECTO"."DJANGO_ADMIN_LOG" ADD CONSTRAINT "DJANGO_AD_CONTENT_T_C4BCE8EB_F" FOREIGN KEY ("CONTENT_TYPE_ID")
	  REFERENCES "SALONSELECTO"."DJANGO_CONTENT_TYPE" ("ID") DEFERRABLE INITIALLY DEFERRED ENABLE;
  ALTER TABLE "SALONSELECTO"."DJANGO_ADMIN_LOG" ADD CONSTRAINT "DJANGO_AD_USER_ID_C564EBA6_F" FOREIGN KEY ("USER_ID")
	  REFERENCES "SALONSELECTO"."AUTH_USER" ("ID") DEFERRABLE INITIALLY DEFERRED ENABLE;
--------------------------------------------------------
--  Ref Constraints for Table MENU_COMIDA
--------------------------------------------------------

  ALTER TABLE "SALONSELECTO"."MENU_COMIDA" ADD CONSTRAINT "MENU_COMI_ID_CATEGO_D2DACC9F_F" FOREIGN KEY ("ID_CATEGORIA_ID")
	  REFERENCES "SALONSELECTO"."MENU_CATEGORIA" ("ID_CATEGORIA") DEFERRABLE INITIALLY DEFERRED ENABLE;
--------------------------------------------------------
--  Ref Constraints for Table MENU_COMUNA
--------------------------------------------------------

  ALTER TABLE "SALONSELECTO"."MENU_COMUNA" ADD CONSTRAINT "MENU_COMU_ID_REGION_95459B9E_F" FOREIGN KEY ("ID_REGION_ID")
	  REFERENCES "SALONSELECTO"."MENU_REGION" ("ID_REGION") DEFERRABLE INITIALLY DEFERRED ENABLE;
--------------------------------------------------------
--  Ref Constraints for Table MENU_DETALLE
--------------------------------------------------------

  ALTER TABLE "SALONSELECTO"."MENU_DETALLE" ADD CONSTRAINT "MENU_DETA_ID_COMIDA_57B9197B_F" FOREIGN KEY ("ID_COMIDA_ID")
	  REFERENCES "SALONSELECTO"."MENU_COMIDA" ("ID_COMIDA") DEFERRABLE INITIALLY DEFERRED ENABLE;
  ALTER TABLE "SALONSELECTO"."MENU_DETALLE" ADD CONSTRAINT "MENU_DETA_ID_PEDIDO_82D84E6F_F" FOREIGN KEY ("ID_PEDIDO_ID")
	  REFERENCES "SALONSELECTO"."MENU_PEDIDO" ("ID_PEDIDO") DEFERRABLE INITIALLY DEFERRED ENABLE;
--------------------------------------------------------
--  Ref Constraints for Table MENU_DIRECCION
--------------------------------------------------------

  ALTER TABLE "SALONSELECTO"."MENU_DIRECCION" ADD CONSTRAINT "MENU_DIRE_ID_COMUNA_E2714798_F" FOREIGN KEY ("ID_COMUNA_ID")
	  REFERENCES "SALONSELECTO"."MENU_COMUNA" ("ID_COMUNA") DEFERRABLE INITIALLY DEFERRED ENABLE;
--------------------------------------------------------
--  Ref Constraints for Table MENU_PEDIDO
--------------------------------------------------------

  ALTER TABLE "SALONSELECTO"."MENU_PEDIDO" ADD CONSTRAINT "MENU_PEDI_ID_DIRECC_F1137CF3_F" FOREIGN KEY ("ID_DIRECCION_ID")
	  REFERENCES "SALONSELECTO"."MENU_DIRECCION" ("ID_DIRECCION") DEFERRABLE INITIALLY DEFERRED ENABLE;
  ALTER TABLE "SALONSELECTO"."MENU_PEDIDO" ADD CONSTRAINT "MENU_PEDI_ID_USUARI_1178ABB5_F" FOREIGN KEY ("ID_USUARIO_ID")
	  REFERENCES "SALONSELECTO"."MENU_USUARIO" ("ID_USUARIO") DEFERRABLE INITIALLY DEFERRED ENABLE;
--------------------------------------------------------
--  Ref Constraints for Table MENU_USUARIO
--------------------------------------------------------

  ALTER TABLE "SALONSELECTO"."MENU_USUARIO" ADD CONSTRAINT "MENU_USUA_ID_DIRECC_13572967_F" FOREIGN KEY ("ID_DIRECCION_ID")
	  REFERENCES "SALONSELECTO"."MENU_DIRECCION" ("ID_DIRECCION") DEFERRABLE INITIALLY DEFERRED ENABLE;
  ALTER TABLE "SALONSELECTO"."MENU_USUARIO" ADD CONSTRAINT "MENU_USUA_ID_PREGUN_E31B95F6_F" FOREIGN KEY ("ID_PREGUNTA_ID")
	  REFERENCES "SALONSELECTO"."MENU_PREGUNTA" ("ID_PREGUNTA") DEFERRABLE INITIALLY DEFERRED ENABLE;
  ALTER TABLE "SALONSELECTO"."MENU_USUARIO" ADD CONSTRAINT "MENU_USUA_ID_ROL_ID_CD03F345_F" FOREIGN KEY ("ID_ROL_ID")
	  REFERENCES "SALONSELECTO"."MENU_ROL" ("ID_ROL") DEFERRABLE INITIALLY DEFERRED ENABLE;
